{
  "PL_TARGET_DENSITY_PCT": 60,
  "CLOCK_PERIOD": 100,
  "PL_RESIZER_HOLD_SLACK_MARGIN": 0.1,
  "GRT_RESIZER_HOLD_SLACK_MARGIN": 0.05,
  "RUN_LINTER": 1,
  "LINTER_INCLUDE_PDK_MODELS": 1,
  "CLOCK_PORT": "clk",
  "RUN_KLAYOUT_XOR": 0,
  "RUN_KLAYOUT_DRC": 0,
  "DESIGN_REPAIR_BUFFER_OUTPUT_PORTS": 0,
  "TOP_MARGIN_MULT": 1,
  "BOTTOM_MARGIN_MULT": 1,
  "LEFT_MARGIN_MULT": 6,
  "RIGHT_MARGIN_MULT": 6,
  "FP_SIZING": "absolute",
  "GRT_ALLOW_CONGESTION": 1,
  "FP_IO_HLENGTH": 2,
  "FP_IO_VLENGTH": 2,
  "FP_PDN_VPITCH": 38.87,
  "RUN_CTS": 1,
  "FP_PDN_MULTILAYER": 0,
  "MAGIC_DEF_LABELS": 0,
  "MAGIC_WRITE_LEF_PINONLY": 1,
  "DESIGN_NAME": "tt_um_mnist_bnn",
  "VERILOG_FILES": [
    "dir::tt_um_mnist_bnn.v",
    "dir::reset_pipe.sv",
    "dir::fsm.sv",
    "dir::registers.sv",
    "dir::pipe.sv",
    "dir::layer_one.sv",
    "dir::layer_two.sv",
    "dir::flatten_layer.sv"
  ],
  "DIE_AREA": "0 0 508.76 225.76",
  "FP_DEF_TEMPLATE": "dir::../tt/tech/sky130A/def/tt_block_3x2_pg.def",
  "VDD_PIN": "VPWR",
  "GND_PIN": "VGND",
  "RT_MAX_LAYER": "met4"
}