<?xml version="1.0" encoding="utf-8"?>
<report-database>
 <description>SKY130 DRC runset</description>
 <original-file/>
 <generator>drc: script='tech-files/sky130A_mr.drc'</generator>
 <top-cell>tt_um_mnist_bnn</top-cell>
 <tags>
 </tags>
 <categories>
  <category>
   <name>li.1</name>
   <description>li.1 : min. li width outside or crossing areaid:ce : 0.17um</description>
   <categories>
   </categories>
  </category>
  <category>
   <name>li.3</name>
   <description>li.3 : min. li spacing outside or crossing areaid:ce : 0.17um</description>
   <categories>
   </categories>
  </category>
  <category>
   <name>li.5</name>
   <description>li.5 : min. li enclosure of licon of 2 adjacent edges : 0.08um</description>
   <categories>
   </categories>
  </category>
  <category>
   <name>li.6</name>
   <description>li.6 : min. li area : 0.0561um²</description>
   <categories>
   </categories>
  </category>
  <category>
   <name>li.7</name>
   <description>li.7 : min. li core spacing : 0.14um</description>
   <categories>
   </categories>
  </category>
  <category>
   <name>li.8</name>
   <description>li.8 : min. li core width : 0.14um</description>
   <categories>
   </categories>
  </category>
  <category>
   <name>MR_li.WID.4</name>
   <description>MR_li.WID.4 : li:res minimum width : 0.29um</description>
   <categories>
   </categories>
  </category>
  <category>
   <name>MR_mcon.ANG.1</name>
   <description>MR_mcon.ANG.1: mcon must be rectangular</description>
   <categories>
   </categories>
  </category>
  <category>
   <name>MR_mcon.WID.1</name>
   <description>MR_mcon.WID.1 : minimum width of mcon : 0.17um</description>
   <categories>
   </categories>
  </category>
  <category>
   <name>MR_mcon.LEN.1</name>
   <description>MR_mcon.LEN.1 : maximum length of mcon : 0.17um</description>
   <categories>
   </categories>
  </category>
  <category>
   <name>MR_mcon.SP.1</name>
   <description>MR_mcon.SP.1 : min. mcon spacing : 0.19um</description>
   <categories>
   </categories>
  </category>
  <category>
   <name>MR_mcon.WID.2</name>
   <description>MR_mcon.WID.2 : min. width of ring-shaped mcon : 0.17um</description>
   <categories>
   </categories>
  </category>
  <category>
   <name>MR_mcon.WID.3</name>
   <description>MR_mcon.WID.3 : max. width of ring-shaped mcon : 0.175um</description>
   <categories>
   </categories>
  </category>
  <category>
   <name>MR_mcon.CON.1</name>
   <description>MR_mcon.CON.1: ring-shaped mcon must be enclosed by areaid_sl</description>
   <categories>
   </categories>
  </category>
  <category>
   <name>MR_mcon.CON.10</name>
   <description>MR_mcon.CON.10 : mcon should covered by li</description>
   <categories>
   </categories>
  </category>
  <category>
   <name>MR_met1.WID.1</name>
   <description>MR_met1.WID.1 : min. m1 width : 0.14um</description>
   <categories>
   </categories>
  </category>
  <category>
   <name>MR_met1.SP.1</name>
   <description>MR_met1.SP.1 : min. m1 spacing : 0.14um</description>
   <categories>
   </categories>
  </category>
  <category>
   <name>MRW_met1.SP.2</name>
   <description>MRW_met1.SP.2 : min. 3um.m1 spacing m1 : 0.28um</description>
   <categories>
   </categories>
  </category>
  <category>
   <name>MR_met1.ENC.1</name>
   <description>MR_met1.ENC.1 : min. m1 enclosure of mcon : 0.03um</description>
   <categories>
   </categories>
  </category>
  <category>
   <name>MR_met1.CON.1</name>
   <description>MR_met1.CON.1 : mcon periphery must be enclosed by m1</description>
   <categories>
   </categories>
  </category>
  <category>
   <name>m1.4a</name>
   <description>m1.4a : min. m1 enclosure of mcon for specific cells : 0.005um</description>
   <categories>
   </categories>
  </category>
  <category>
   <name>m1.4a_a</name>
   <description>m1.4a_a : mcon periph must be enclosed by met1 for specific cells</description>
   <categories>
   </categories>
  </category>
  <category>
   <name>MR_met1.AR.1</name>
   <description>MR_met1.AR.1 : min. m1 area : 0.083um²</description>
   <categories>
   </categories>
  </category>
  <category>
   <name>MR_met1.AR.2</name>
   <description>MR_met1.AR.2 : min. m1 with holes area : 0.14um²</description>
   <categories>
   </categories>
  </category>
  <category>
   <name>m1.5</name>
   <description>m1.5 : min. m1 enclosure of mcon of 2 adjacent edges : 0.06um</description>
   <categories>
   </categories>
  </category>
  <category>
   <name>via.1a</name>
   <description>via.1a : via outside of moduleCut should be rectangular</description>
   <categories>
   </categories>
  </category>
  <category>
   <name>via.1a_a</name>
   <description>via.1a_a : min. width of via outside of moduleCut : 0.15um</description>
   <categories>
   </categories>
  </category>
  <category>
   <name>via.1a_b</name>
   <description>via.1a_b : maximum length of via : 0.15um</description>
   <categories>
   </categories>
  </category>
  <category>
   <name>via.2</name>
   <description>via.2 : min. via spacing : 0.17um</description>
   <categories>
   </categories>
  </category>
  <category>
   <name>via.3</name>
   <description>via.3 : min. width of ring-shaped via : 0.2um</description>
   <categories>
   </categories>
  </category>
  <category>
   <name>via.3_a</name>
   <description>via.3_a : max. width of ring-shaped via : 0.205um</description>
   <categories>
   </categories>
  </category>
  <category>
   <name>via.3_b</name>
   <description>via.3_b: ring-shaped via must be enclosed by areaid_sl</description>
   <categories>
   </categories>
  </category>
  <category>
   <name>MR_via1.ENC.1</name>
   <description>MR_via1.ENC.1 : min. m1 enclosure of 0.15um via : 0.055um</description>
   <categories>
   </categories>
  </category>
  <category>
   <name>MR_via1.CON.1</name>
   <description>MR_via1.CON.1 : 0.15um via must be enclosed by met1</description>
   <categories>
   </categories>
  </category>
  <category>
   <name>via.5a</name>
   <description>via.5a : min. m1 enclosure of 0.15um via of 2 adjacent edges : 0.085um</description>
   <categories>
   </categories>
  </category>
  <category>
   <name>MR_met2.WID.1</name>
   <description>MR_met2.WID.1 : min. m2 width : 0.14um</description>
   <categories>
   </categories>
  </category>
  <category>
   <name>m2.2</name>
   <description>m2.2 : min. m2 spacing : 0.14um</description>
   <categories>
   </categories>
  </category>
  <category>
   <name>MRW_met2.SP.2</name>
   <description>MRW_met2.SP.2 : min. 3um.m2 spacing m2 : 0.28um</description>
   <categories>
   </categories>
  </category>
  <category>
   <name>MR_met2.AR.1</name>
   <description>MR_met2.AR.1 : min. m2 area : 0.0676um²</description>
   <categories>
   </categories>
  </category>
  <category>
   <name>MR_met2.AR.2</name>
   <description>MR_met2.AR.2 : min. m2 holes area : 0.14um²</description>
   <categories>
   </categories>
  </category>
  <category>
   <name>m2.4</name>
   <description>m2.4 : min. m2 enclosure of via : 0.055um</description>
   <categories>
   </categories>
  </category>
  <category>
   <name>m2.4_a</name>
   <description>m2.4_a : via in periphery must be enclosed by met2</description>
   <categories>
   </categories>
  </category>
  <category>
   <name>m2.4_b</name>
   <description>m2.4_B : min. m2 enclosure of via inside areaid:core : 0.045um</description>
   <categories>
   </categories>
  </category>
  <category>
   <name>m2.5</name>
   <description>m2.5 : min. m2 enclosure of via of 2 adjacent edges : 0.085um</description>
   <categories>
   </categories>
  </category>
  <category>
   <name>via2.1a</name>
   <description>via2.1a : via2 outside of moduleCut should be rectangular</description>
   <categories>
   </categories>
  </category>
  <category>
   <name>via2.1a_a</name>
   <description>via2.1a_a : min. width of via2 outside of moduleCut : 0.2um</description>
   <categories>
   </categories>
  </category>
  <category>
   <name>MR_via2.LEN.1</name>
   <description>MR_via2.LEN.1 : maximum length of via2 : 0.2um</description>
   <categories>
   </categories>
  </category>
  <category>
   <name>via2.2</name>
   <description>via2.2 : min. via2 spacing : 0.2um</description>
   <categories>
   </categories>
  </category>
  <category>
   <name>via2.3</name>
   <description>via2.3 : min. width of ring-shaped via2 : 0.2um</description>
   <categories>
   </categories>
  </category>
  <category>
   <name>via2.3_a</name>
   <description>via2.3_a : max. width of ring-shaped via2 : 0.205um</description>
   <categories>
   </categories>
  </category>
  <category>
   <name>via2.3_b</name>
   <description>via2.3_b: ring-shaped via2 must be enclosed by areaid_sl</description>
   <categories>
   </categories>
  </category>
  <category>
   <name>via2.4</name>
   <description>via2.4 : min. m2 enclosure of via2 : 0.04um</description>
   <categories>
   </categories>
  </category>
  <category>
   <name>MR_via2.CON.1</name>
   <description>MR_via2.CON.1 : via must be enclosed by met2</description>
   <categories>
   </categories>
  </category>
  <category>
   <name>via2.5</name>
   <description>via2.5 : min. m3 enclosure of via2 of 2 adjacent edges : 0.085um</description>
   <categories>
   </categories>
  </category>
  <category>
   <name>MR_met3.WID.1</name>
   <description>MR_met3.WID.1 : min. m3 width : 0.3um</description>
   <categories>
   </categories>
  </category>
  <category>
   <name>m3.2</name>
   <description>m3.2 : min. m3 spacing : 0.3um</description>
   <categories>
   </categories>
  </category>
  <category>
   <name>MRW_met3.SP.2</name>
   <description>MRW_met3.SP.2 : min. 3um.m3 spacing m3 : 0.4um</description>
   <categories>
   </categories>
  </category>
  <category>
   <name>m3.4</name>
   <description>m3.4 : min. m3 enclosure of via2 : 0.065um</description>
   <categories>
   </categories>
  </category>
  <category>
   <name>MR_met3.CON.1</name>
   <description>MR_met3.CON.1 : via2 must be enclosed by met3</description>
   <categories>
   </categories>
  </category>
  <category>
   <name>MR_met3.AR.1</name>
   <description>MR_met3.AR.1 : min. m3 area : 0.240um²</description>
   <categories>
   </categories>
  </category>
  <category>
   <name>MR_met3.AR.2</name>
   <description>MR_met3.AR.2 : min. m3 holes area : 0.2um²</description>
   <categories>
   </categories>
  </category>
  <category>
   <name>via3.1</name>
   <description>via3.1 : via3 outside of moduleCut should be rectangular</description>
   <categories>
   </categories>
  </category>
  <category>
   <name>via3.1_a</name>
   <description>via3.1_a : min. width of via3 outside of moduleCut : 0.2um</description>
   <categories>
   </categories>
  </category>
  <category>
   <name>MR_via3.LEN.1</name>
   <description>MR_via3.LEN.1 : maximum length of via3 : 0.2um</description>
   <categories>
   </categories>
  </category>
  <category>
   <name>via3.2</name>
   <description>via3.2 : min. via3 spacing : 0.2um</description>
   <categories>
   </categories>
  </category>
  <category>
   <name>via3.4</name>
   <description>via3.4 : min. m3 enclosure of via3 : 0.06um</description>
   <categories>
   </categories>
  </category>
  <category>
   <name>via3.4_a</name>
   <description>via3.4_a : non-ring via3 must be enclosed by met3</description>
   <categories>
   </categories>
  </category>
  <category>
   <name>via3.5</name>
   <description>via3.5 : min. m3 enclosure of via3 of 2 adjacent edges : 0.09um</description>
   <categories>
   </categories>
  </category>
  <category>
   <name>MR_met4.WID.1</name>
   <description>MR_met4.WID.1 : min. m4 width : 0.3um</description>
   <categories>
   </categories>
  </category>
  <category>
   <name>m4.2</name>
   <description>m4.2 : min. m4 spacing : 0.3um</description>
   <categories>
   </categories>
  </category>
  <category>
   <name>MR_met4.AR.1</name>
   <description>MR_met4.AR.1 : min. m4 area : 0.240um²</description>
   <categories>
   </categories>
  </category>
  <category>
   <name>MRW_met4.SP.2</name>
   <description>MRW_met4.SP.2 : min. 3um.m4 spacing m4 : 0.4um</description>
   <categories>
   </categories>
  </category>
  <category>
   <name>m4.3</name>
   <description>m4.3 : min. m4 enclosure of via3 : 0.065um</description>
   <categories>
   </categories>
  </category>
  <category>
   <name>MR_met4.CON.1</name>
   <description>MR_met4.CON.1 : via3 must be enclosed by met4</description>
   <categories>
   </categories>
  </category>
  <category>
   <name>MR_met4.AR.2</name>
   <description>MR_met4.AR.2 : min. m4 holes area : 0.2um²</description>
   <categories>
   </categories>
  </category>
  <category>
   <name>via4.1</name>
   <description>via4.1 : via4 outside of moduleCut should be rectangular</description>
   <categories>
   </categories>
  </category>
  <category>
   <name>via4.1_a</name>
   <description>via4.1_a : min. width of via4 outside of moduleCut : 0.8um</description>
   <categories>
   </categories>
  </category>
  <category>
   <name>via4.1_b</name>
   <description>via4.1_b : maximum length of via4 : 0.8um</description>
   <categories>
   </categories>
  </category>
  <category>
   <name>MR_via4.SP.1</name>
   <description>MR_via4.SP.1 : min. via4 spacing : 0.8um</description>
   <categories>
   </categories>
  </category>
  <category>
   <name>via4.3</name>
   <description>via4.3 : min. width of ring-shaped via4 : 0.8um</description>
   <categories>
   </categories>
  </category>
  <category>
   <name>via4.3_a</name>
   <description>via4.3_a : max. width of ring-shaped via4 : 0.805um</description>
   <categories>
   </categories>
  </category>
  <category>
   <name>via4.3_b</name>
   <description>via4.3_b: ring-shaped via4 must be enclosed by areaid_sl</description>
   <categories>
   </categories>
  </category>
  <category>
   <name>via4.4</name>
   <description>via4.4 : min. m4 enclosure of via4 : 0.19um</description>
   <categories>
   </categories>
  </category>
  <category>
   <name>MR_via4.CON.1</name>
   <description>MR_via4.CON.1 : m4 must enclose all via4</description>
   <categories>
   </categories>
  </category>
  <category>
   <name>MR_met5.WID.1</name>
   <description>MR_met5.WID.1 : min. m5 width : 1.6um</description>
   <categories>
   </categories>
  </category>
  <category>
   <name>MR_met5.SP.1</name>
   <description>MR_met5.SP.1 : min. m5 spacing : 1.6um</description>
   <categories>
   </categories>
  </category>
  <category>
   <name>m5.3</name>
   <description>m5.3 : min. m5 enclosure of via4 : 0.31um</description>
   <categories>
   </categories>
  </category>
  <category>
   <name>MR_met5.CON.1</name>
   <description>MR_met5.CON.1 : via must be enclosed by m5</description>
   <categories>
   </categories>
  </category>
  <category>
   <name>MR_met5.AR.1</name>
   <description>MR_met5.AR.1 : min. m5 area : 4.0um²</description>
   <categories>
   </categories>
  </category>
  <category>
   <name>MR_met5.AR.2</name>
   <description>MR_met5.AR.2 : min. m5 holes area : 0.14um²</description>
   <categories>
   </categories>
  </category>
  <category>
   <name>pad.2</name>
   <description>pad.2 : min. pad spacing : 1.27um</description>
   <categories>
   </categories>
  </category>
  <category>
   <name>moduleCut.1</name>
   <description>moduleCut.1 : moduleCut layer is for SkyWater use only</description>
   <categories>
   </categories>
  </category>
 </categories>
 <cells>
  <cell>
   <name>tt_um_mnist_bnn</name>
   <variant/>
   <layout-name/>
   <references>
   </references>
  </cell>
 </cells>
 <items>
 </items>
</report-database>
