Metric,Value
design__lint_error__count,0
design__lint_timing_construct__count,0
design__lint_warning__count,19
design__inferred_latch__count,0
design__instance__count,2406
design__instance__area,10395
design__instance_unmapped__count,0
synthesis__check_error__count,0
design__max_slew_violation__count__corner:nom_tt_025C_1v80,0
design__max_fanout_violation__count__corner:nom_tt_025C_1v80,3
design__max_cap_violation__count__corner:nom_tt_025C_1v80,0
power__internal__total,0.00009525512723485008
power__switching__total,0.00002763275188044645
power__leakage__total,1.6250510270765517E-8
power__total,0.00012290413724258542
clock__skew__worst_hold__corner:nom_tt_025C_1v80,-0.25712457890627266
clock__skew__worst_setup__corner:nom_tt_025C_1v80,0.2589966647789174
timing__hold__ws__corner:nom_tt_025C_1v80,0.31551367966889593
timing__setup__ws__corner:nom_tt_025C_1v80,71.54344874583097
timing__hold__tns__corner:nom_tt_025C_1v80,0.0
timing__setup__tns__corner:nom_tt_025C_1v80,0.0
timing__hold__wns__corner:nom_tt_025C_1v80,0
timing__setup__wns__corner:nom_tt_025C_1v80,0.0
timing__hold_vio__count__corner:nom_tt_025C_1v80,0
timing__hold_r2r__ws__corner:nom_tt_025C_1v80,0.315514
timing__hold_r2r_vio__count__corner:nom_tt_025C_1v80,0
timing__setup_vio__count__corner:nom_tt_025C_1v80,0
timing__setup_r2r__ws__corner:nom_tt_025C_1v80,96.973778
timing__setup_r2r_vio__count__corner:nom_tt_025C_1v80,0
design__max_slew_violation__count__corner:nom_ss_100C_1v60,0
design__max_fanout_violation__count__corner:nom_ss_100C_1v60,3
design__max_cap_violation__count__corner:nom_ss_100C_1v60,0
clock__skew__worst_hold__corner:nom_ss_100C_1v60,-0.26083172471264376
clock__skew__worst_setup__corner:nom_ss_100C_1v60,0.26465544393989743
timing__hold__ws__corner:nom_ss_100C_1v60,0.8605233991166399
timing__setup__ws__corner:nom_ss_100C_1v60,63.76902386635401
timing__hold__tns__corner:nom_ss_100C_1v60,0.0
timing__setup__tns__corner:nom_ss_100C_1v60,0.0
timing__hold__wns__corner:nom_ss_100C_1v60,0
timing__setup__wns__corner:nom_ss_100C_1v60,0.0
timing__hold_vio__count__corner:nom_ss_100C_1v60,0
timing__hold_r2r__ws__corner:nom_ss_100C_1v60,0.860523
timing__hold_r2r_vio__count__corner:nom_ss_100C_1v60,0
timing__setup_vio__count__corner:nom_ss_100C_1v60,0
timing__setup_r2r__ws__corner:nom_ss_100C_1v60,94.115456
timing__setup_r2r_vio__count__corner:nom_ss_100C_1v60,0
design__max_slew_violation__count__corner:nom_ff_n40C_1v95,0
design__max_fanout_violation__count__corner:nom_ff_n40C_1v95,3
design__max_cap_violation__count__corner:nom_ff_n40C_1v95,0
clock__skew__worst_hold__corner:nom_ff_n40C_1v95,-0.2556305517397806
clock__skew__worst_setup__corner:nom_ff_n40C_1v95,0.2565225049429906
timing__hold__ws__corner:nom_ff_n40C_1v95,0.11537160442441652
timing__setup__ws__corner:nom_ff_n40C_1v95,75.0389993604005
timing__hold__tns__corner:nom_ff_n40C_1v95,0.0
timing__setup__tns__corner:nom_ff_n40C_1v95,0.0
timing__hold__wns__corner:nom_ff_n40C_1v95,0
timing__setup__wns__corner:nom_ff_n40C_1v95,0.0
timing__hold_vio__count__corner:nom_ff_n40C_1v95,0
timing__hold_r2r__ws__corner:nom_ff_n40C_1v95,0.115372
timing__hold_r2r_vio__count__corner:nom_ff_n40C_1v95,0
timing__setup_vio__count__corner:nom_ff_n40C_1v95,0
timing__setup_r2r__ws__corner:nom_ff_n40C_1v95,98.005363
timing__setup_r2r_vio__count__corner:nom_ff_n40C_1v95,0
design__max_slew_violation__count,0
design__max_fanout_violation__count,3
design__max_cap_violation__count,0
clock__skew__worst_hold,-0.25524461044993013
clock__skew__worst_setup,0.25608368928009695
timing__hold__ws,0.11326434555292939
timing__setup__ws,63.65674390007371
timing__hold__tns,0.0
timing__setup__tns,0.0
timing__hold__wns,0
timing__setup__wns,0.0
timing__hold_vio__count,0
timing__hold_r2r__ws,0.113264
timing__hold_r2r_vio__count,0
timing__setup_vio__count,0
timing__setup_r2r__ws,94.078247
timing__setup_r2r_vio__count,0
design__die__bbox,0.0 0.0 508.76 225.76
design__core__bbox,2.76 2.72 506.0 223.04
design__io,45
design__die__area,114858
design__core__area,110874
design__instance__count__stdcell,2406
design__instance__area__stdcell,10395
design__instance__count__macros,0
design__instance__area__macros,0
design__instance__utilization,0.0937549
design__instance__utilization__stdcell,0.0937549
design__instance__count__class:inverter,82
design__instance__count__class:sequential_cell,134
design__instance__count__class:multi_input_combinational_cell,441
flow__warnings__count,1
flow__errors__count,0
design__instance__count__class:fill_cell,9183
design__instance__count__class:tap_cell,1577
design__power_grid_violation__count__net:VPWR,0
design__power_grid_violation__count__net:VGND,0
design__power_grid_violation__count,0
timing__drv__floating__nets,0
timing__drv__floating__pins,0
design__instance__displacement__total,0
design__instance__displacement__mean,0
design__instance__displacement__max,0
route__wirelength__estimated,12346.5
design__violations,0
design__instance__count__class:timing_repair_buffer,140
design__instance__count__class:clock_buffer,17
design__instance__count__class:clock_inverter,15
design__instance__count__setup_buffer,0
design__instance__count__hold_buffer,122
antenna__violating__nets,0
antenna__violating__pins,0
route__antenna_violation__count,0
antenna_diodes_count,0
route__net,833
route__net__special,2
route__drc_errors__iter:1,240
route__wirelength__iter:1,13648
route__drc_errors__iter:2,69
route__wirelength__iter:2,13429
route__drc_errors__iter:3,77
route__wirelength__iter:3,13421
route__drc_errors__iter:4,0
route__wirelength__iter:4,13424
route__drc_errors,0
route__wirelength,13424
route__vias,5129
route__vias__singlecut,5129
route__vias__multicut,0
design__disconnected_pin__count,16
design__critical_disconnected_pin__count,0
route__wirelength__max,285.6
timing__unannotated_net__count__corner:nom_tt_025C_1v80,52
timing__unannotated_net_filtered__count__corner:nom_tt_025C_1v80,0
timing__unannotated_net__count__corner:nom_ss_100C_1v60,52
timing__unannotated_net_filtered__count__corner:nom_ss_100C_1v60,0
timing__unannotated_net__count__corner:nom_ff_n40C_1v95,52
timing__unannotated_net_filtered__count__corner:nom_ff_n40C_1v95,0
design__max_slew_violation__count__corner:min_tt_025C_1v80,0
design__max_fanout_violation__count__corner:min_tt_025C_1v80,3
design__max_cap_violation__count__corner:min_tt_025C_1v80,0
clock__skew__worst_hold__corner:min_tt_025C_1v80,-0.2564297735622362
clock__skew__worst_setup__corner:min_tt_025C_1v80,0.2582999443001093
timing__hold__ws__corner:min_tt_025C_1v80,0.31142439508664127
timing__setup__ws__corner:min_tt_025C_1v80,71.60171325181113
timing__hold__tns__corner:min_tt_025C_1v80,0.0
timing__setup__tns__corner:min_tt_025C_1v80,0.0
timing__hold__wns__corner:min_tt_025C_1v80,0
timing__setup__wns__corner:min_tt_025C_1v80,0.0
timing__hold_vio__count__corner:min_tt_025C_1v80,0
timing__hold_r2r__ws__corner:min_tt_025C_1v80,0.311424
timing__hold_r2r_vio__count__corner:min_tt_025C_1v80,0
timing__setup_vio__count__corner:min_tt_025C_1v80,0
timing__setup_r2r__ws__corner:min_tt_025C_1v80,96.995911
timing__setup_r2r_vio__count__corner:min_tt_025C_1v80,0
timing__unannotated_net__count__corner:min_tt_025C_1v80,52
timing__unannotated_net_filtered__count__corner:min_tt_025C_1v80,0
design__max_slew_violation__count__corner:min_ss_100C_1v60,0
design__max_fanout_violation__count__corner:min_ss_100C_1v60,3
design__max_cap_violation__count__corner:min_ss_100C_1v60,0
clock__skew__worst_hold__corner:min_ss_100C_1v60,-0.2598897559607598
clock__skew__worst_setup__corner:min_ss_100C_1v60,0.26372868524388104
timing__hold__ws__corner:min_ss_100C_1v60,0.8535017378876607
timing__setup__ws__corner:min_ss_100C_1v60,63.87776532971016
timing__hold__tns__corner:min_ss_100C_1v60,0.0
timing__setup__tns__corner:min_ss_100C_1v60,0.0
timing__hold__wns__corner:min_ss_100C_1v60,0
timing__setup__wns__corner:min_ss_100C_1v60,0.0
timing__hold_vio__count__corner:min_ss_100C_1v60,0
timing__hold_r2r__ws__corner:min_ss_100C_1v60,0.853502
timing__hold_r2r_vio__count__corner:min_ss_100C_1v60,0
timing__setup_vio__count__corner:min_ss_100C_1v60,0
timing__setup_r2r__ws__corner:min_ss_100C_1v60,94.149475
timing__setup_r2r_vio__count__corner:min_ss_100C_1v60,0
timing__unannotated_net__count__corner:min_ss_100C_1v60,52
timing__unannotated_net_filtered__count__corner:min_ss_100C_1v60,0
design__max_slew_violation__count__corner:min_ff_n40C_1v95,0
design__max_fanout_violation__count__corner:min_ff_n40C_1v95,3
design__max_cap_violation__count__corner:min_ff_n40C_1v95,0
clock__skew__worst_hold__corner:min_ff_n40C_1v95,-0.25524461044993013
clock__skew__worst_setup__corner:min_ff_n40C_1v95,0.25608368928009695
timing__hold__ws__corner:min_ff_n40C_1v95,0.11326434555292939
timing__setup__ws__corner:min_ff_n40C_1v95,75.07950740291183
timing__hold__tns__corner:min_ff_n40C_1v95,0.0
timing__setup__tns__corner:min_ff_n40C_1v95,0.0
timing__hold__wns__corner:min_ff_n40C_1v95,0
timing__setup__wns__corner:min_ff_n40C_1v95,0.0
timing__hold_vio__count__corner:min_ff_n40C_1v95,0
timing__hold_r2r__ws__corner:min_ff_n40C_1v95,0.113264
timing__hold_r2r_vio__count__corner:min_ff_n40C_1v95,0
timing__setup_vio__count__corner:min_ff_n40C_1v95,0
timing__setup_r2r__ws__corner:min_ff_n40C_1v95,98.019501
timing__setup_r2r_vio__count__corner:min_ff_n40C_1v95,0
timing__unannotated_net__count__corner:min_ff_n40C_1v95,52
timing__unannotated_net_filtered__count__corner:min_ff_n40C_1v95,0
design__max_slew_violation__count__corner:max_tt_025C_1v80,0
design__max_fanout_violation__count__corner:max_tt_025C_1v80,3
design__max_cap_violation__count__corner:max_tt_025C_1v80,0
clock__skew__worst_hold__corner:max_tt_025C_1v80,-0.25780606157363684
clock__skew__worst_setup__corner:max_tt_025C_1v80,0.25971320273927556
timing__hold__ws__corner:max_tt_025C_1v80,0.31933845360805285
timing__setup__ws__corner:max_tt_025C_1v80,71.48278971076358
timing__hold__tns__corner:max_tt_025C_1v80,0.0
timing__setup__tns__corner:max_tt_025C_1v80,0.0
timing__hold__wns__corner:max_tt_025C_1v80,0
timing__setup__wns__corner:max_tt_025C_1v80,0.0
timing__hold_vio__count__corner:max_tt_025C_1v80,0
timing__hold_r2r__ws__corner:max_tt_025C_1v80,0.319338
timing__hold_r2r_vio__count__corner:max_tt_025C_1v80,0
timing__setup_vio__count__corner:max_tt_025C_1v80,0
timing__setup_r2r__ws__corner:max_tt_025C_1v80,96.951118
timing__setup_r2r_vio__count__corner:max_tt_025C_1v80,0
timing__unannotated_net__count__corner:max_tt_025C_1v80,52
timing__unannotated_net_filtered__count__corner:max_tt_025C_1v80,0
design__max_slew_violation__count__corner:max_ss_100C_1v60,0
design__max_fanout_violation__count__corner:max_ss_100C_1v60,3
design__max_cap_violation__count__corner:max_ss_100C_1v60,0
clock__skew__worst_hold__corner:max_ss_100C_1v60,-0.26229150149785746
clock__skew__worst_setup__corner:max_ss_100C_1v60,0.26577538144766205
timing__hold__ws__corner:max_ss_100C_1v60,0.8668720431290571
timing__setup__ws__corner:max_ss_100C_1v60,63.65674390007371
timing__hold__tns__corner:max_ss_100C_1v60,0.0
timing__setup__tns__corner:max_ss_100C_1v60,0.0
timing__hold__wns__corner:max_ss_100C_1v60,0
timing__setup__wns__corner:max_ss_100C_1v60,0.0
timing__hold_vio__count__corner:max_ss_100C_1v60,0
timing__hold_r2r__ws__corner:max_ss_100C_1v60,0.866872
timing__hold_r2r_vio__count__corner:max_ss_100C_1v60,0
timing__setup_vio__count__corner:max_ss_100C_1v60,0
timing__setup_r2r__ws__corner:max_ss_100C_1v60,94.078247
timing__setup_r2r_vio__count__corner:max_ss_100C_1v60,0
timing__unannotated_net__count__corner:max_ss_100C_1v60,52
timing__unannotated_net_filtered__count__corner:max_ss_100C_1v60,0
design__max_slew_violation__count__corner:max_ff_n40C_1v95,0
design__max_fanout_violation__count__corner:max_ff_n40C_1v95,3
design__max_cap_violation__count__corner:max_ff_n40C_1v95,0
clock__skew__worst_hold__corner:max_ff_n40C_1v95,-0.25633368375673726
clock__skew__worst_setup__corner:max_ff_n40C_1v95,0.25694211374701503
timing__hold__ws__corner:max_ff_n40C_1v95,0.11701512312540224
timing__setup__ws__corner:max_ff_n40C_1v95,74.99541466775631
timing__hold__tns__corner:max_ff_n40C_1v95,0.0
timing__setup__tns__corner:max_ff_n40C_1v95,0.0
timing__hold__wns__corner:max_ff_n40C_1v95,0
timing__setup__wns__corner:max_ff_n40C_1v95,0.0
timing__hold_vio__count__corner:max_ff_n40C_1v95,0
timing__hold_r2r__ws__corner:max_ff_n40C_1v95,0.117015
timing__hold_r2r_vio__count__corner:max_ff_n40C_1v95,0
timing__setup_vio__count__corner:max_ff_n40C_1v95,0
timing__setup_r2r__ws__corner:max_ff_n40C_1v95,97.990562
timing__setup_r2r_vio__count__corner:max_ff_n40C_1v95,0
timing__unannotated_net__count__corner:max_ff_n40C_1v95,52
timing__unannotated_net_filtered__count__corner:max_ff_n40C_1v95,0
timing__unannotated_net__count,52
timing__unannotated_net_filtered__count,0
design_powergrid__voltage__worst__net:VPWR__corner:nom_tt_025C_1v80,1.79999
design_powergrid__drop__average__net:VPWR__corner:nom_tt_025C_1v80,1.8
design_powergrid__drop__worst__net:VPWR__corner:nom_tt_025C_1v80,0.0000108654
design_powergrid__voltage__worst__net:VGND__corner:nom_tt_025C_1v80,0.0000147821
design_powergrid__drop__average__net:VGND__corner:nom_tt_025C_1v80,3.06821E-7
design_powergrid__drop__worst__net:VGND__corner:nom_tt_025C_1v80,0.0000147821
design_powergrid__voltage__worst,0.0000147821
design_powergrid__voltage__worst__net:VPWR,1.79999
design_powergrid__drop__worst,0.0000147821
design_powergrid__drop__worst__net:VPWR,0.0000108654
design_powergrid__voltage__worst__net:VGND,0.0000147821
design_powergrid__drop__worst__net:VGND,0.0000147821
ir__voltage__worst,1.8000000000000000444089209850062616169452667236328125
ir__drop__avg,2.8799999999999998484987383771949165378600810072384774684906005859375E-7
ir__drop__worst,0.0000109000000000000006714247213768231858921353705227375030517578125
magic__drc_error__count,0
magic__illegal_overlap__count,0
design__lvs_device_difference__count,0
design__lvs_net_difference__count,0
design__lvs_property_fail__count,0
design__lvs_error__count,0
design__lvs_unmatched_device__count,0
design__lvs_unmatched_net__count,0
design__lvs_unmatched_pin__count,0
